{"offline_id": "4008addfe9304eac8a7cdc1c964bcfa7", "project_name": "yolov5", "start_time": 1767770122724, "stop_time": 1767770145052, "tags": [], "workspace": null, "resume_strategy": "create", "customer_error_reported": true, "customer_error_message": "Unexpected error detected in the user script: URLError(SSLCertVerificationError(1, '[SSL: CERTIFICATE_VERIFY_FAILED] certificate verify failed: unable to get local issuer certificate (_ssl.c:1147)'))", "user_provided_experiment_key": false, "comet_start_sourced": false}