{"payload":{"installed_packages":["attrs==25.4.0","autocommand==2.2.2","backports.tarfile==1.2.0","brotlicffi==1.0.9.2","certifi==2025.10.5","cffi==2.0.0","charset-normalizer==3.4.4","colorama==0.4.6","comet-ml==3.55.0","configobj==5.0.9","contourpy==1.3.0","cycler==0.12.1","dulwich==0.24.10","everett==3.1.0","filelock==3.17.0","fonttools==4.60.2","fsspec==2025.10.0","gitdb==4.0.12","gitpython==3.1.46","gmpy2==2.2.1","idna==3.11","importlib-metadata==8.0.0","importlib-resources==6.5.2","inflect==7.3.1","jaraco.collections==5.1.0","jaraco.context==5.3.0","jaraco.functools==4.0.1","jaraco.text==3.12.1","jinja2==3.1.6","jsonschema==4.25.1","jsonschema-specifications==2025.9.1","kiwisolver==1.4.7","markdown-it-py==3.0.0","markupsafe==3.0.2","matplotlib==3.9.4","mdurl==0.1.2","mkl-fft==1.3.11","mkl-random==1.2.8","mkl-service==2.4.0","more-itertools==10.3.0","mpmath==1.3.0","networkx==3.2.1","numpy==2.0.1","opencv-python==4.12.0.88","packaging==25.0","pandas==2.3.3","pillow==11.1.0","pip==25.3","platformdirs==4.2.2","polars==1.36.1","polars-runtime-32==1.36.1","psutil==7.2.1","pycparser==2.23","pygments==2.19.2","pyparsing==3.3.1","pysocks==1.7.1","python-box==6.1.0","python-dateutil==2.9.0.post0","pytz==2025.2","pyyaml==6.0.2","referencing==0.36.2","requests==2.32.5","requests-toolbelt==1.0.0","rich==14.2.0","rpds-py==0.27.1","scipy==1.13.1","seaborn==0.13.2","semantic-version==2.10.0","sentry-sdk==2.48.0","setuptools==80.9.0","simplejson==3.20.2","six==1.17.0","smmap==5.0.2","sympy==1.13.1","thop==0.1.1.post2209072238","tomli==2.0.1","torch==2.5.1","torchaudio==2.5.1","torchvision==0.20.1","tqdm==4.67.1","typeguard==4.3.0","typing-extensions==4.15.0","tzdata==2025.3","ultralytics==8.3.248","ultralytics-thop==2.0.18","urllib3==2.5.0","wheel==0.45.1","win-inet-pton==1.1.0","wrapt==2.0.1","wurlitzer==3.1.1","zipp==3.23.0"],"message_id":1},"type":"installed_packages"}
{"payload":{"command":["d:/pythonProject/\u81ea\u52a8\u56fe\u50cf\u76ee\u6807\u68c0\u6d4b\u4e0e\u6807\u6ce8\u7cfb\u7edf/yolov5/train.py"],"env":null,"hostname":"LAPTOP-E3HQELEV","ip":"10.141.42.125","machine":"AMD64","message_id":2,"os":"Windows-10-10.0.26200-SP0","os_release":"10","os_type":"Windows","pid":75956,"processor":"Intel64 Family 6 Model 154 Stepping 3, GenuineIntel","python_exe":"D:\\Anaconda3\\envs\\yolov52\\python.exe","python_version":"3.9.25","python_version_verbose":"3.9.25 (main, Nov  3 2025, 22:44:01) [MSC v.1929 64 bit (AMD64)]","user":"Lvchayue"},"type":"system_details"}
{"payload":{"gpu_static_info":[{"gpu_index":0,"name":"NVIDIA GeForce RTX 3050 Laptop GPU","power_limit":75000,"total_memory":4294967296,"uuid":"GPU-2ba42402-83f9-abe0-6773-1bb6c30130f6"}],"message_id":3},"type":"gpu_static_info"}
{"payload":{"local_timestamp":1767769807963,"message_id":4,"metric":{"epoch":null,"metricName":"sys.gpu.0.total_memory","metricValue":4294967296,"step":null}},"type":"metric_msg"}
{"payload":{"key":"offline_experiment","message_id":5,"value":true},"type":"log_other"}
{"payload":{"key":"Name","message_id":6,"value":"exp"},"type":"log_other"}
{"payload":{"local_timestamp":1767769807985,"message_id":7,"metric":{"epoch":null,"metricName":"sys.gpu.0.gpu_utilization","metricValue":0,"step":null}},"type":"metric_msg"}
{"payload":{"local_timestamp":1767769807985,"message_id":8,"metric":{"epoch":null,"metricName":"sys.gpu.0.power_usage","metricValue":3108,"step":null}},"type":"metric_msg"}
{"payload":{"local_timestamp":1767769807985,"message_id":9,"metric":{"epoch":null,"metricName":"sys.gpu.0.temperature","metricValue":38,"step":null}},"type":"metric_msg"}
{"payload":{"local_timestamp":1767769807985,"message_id":10,"metric":{"epoch":null,"metricName":"sys.gpu.0.memory_utilization","metricValue":0,"step":null}},"type":"metric_msg"}
{"payload":{"local_timestamp":1767769807985,"message_id":11,"metric":{"epoch":null,"metricName":"sys.gpu.0.free_memory","metricValue":3947929600,"step":null}},"type":"metric_msg"}
{"payload":{"local_timestamp":1767769807985,"message_id":12,"metric":{"epoch":null,"metricName":"sys.gpu.0.used_memory","metricValue":347037696,"step":null}},"type":"metric_msg"}
{"payload":{"local_timestamp":1767769807985,"message_id":13,"metric":{"epoch":null,"metricName":"sys.gpu.0.percent.used_memory","metricValue":8.080101013183594,"step":null}},"type":"metric_msg"}
{"payload":{"additional_params":{"assetId":"872af3c583fe477db694efd3bd259bd6","context":null,"extension":"yaml","fileName":"coco.yaml","overwrite":false,"runId":null,"step":null},"clean":true,"file_path":"tmplxp3pesf","local_timestamp":1767769807990,"message_id":14,"metadata":{"type":"data-config-file"},"upload_type":"asset"},"type":"file_upload"}
{"payload":{"local_timestamp":1767769808039,"message_id":15,"output":"\nDataset not found , missing paths ['D:\\\\pythonProject\\\\\\\\dataset\\\\coco\\\\images\\\\val2017']\n","stderr":true},"type":"standard_output"}
{"payload":{"local_timestamp":1767769808042,"message_id":16,"output":"Downloading https://github.com/ultralytics/assets/releases/download/v0.0.0/coco2017labels.zip to D:\\pythonProject\\\\dataset\\coco2017labels.zip...\n","stderr":true},"type":"standard_output"}
{"payload":{"local_timestamp":1767769808875,"message_id":17,"metric":{"epoch":null,"metricName":"sys.cpu.percent.avg","metricValue":0.0,"step":null}},"type":"metric_msg"}
{"payload":{"local_timestamp":1767769808875,"message_id":18,"metric":{"epoch":null,"metricName":"sys.ram.total","metricValue":16890978304,"step":null}},"type":"metric_msg"}
{"payload":{"local_timestamp":1767769808875,"message_id":19,"metric":{"epoch":null,"metricName":"sys.ram.used","metricValue":13972672512,"step":null}},"type":"metric_msg"}
{"payload":{"local_timestamp":1767769808875,"message_id":20,"metric":{"epoch":null,"metricName":"sys.ram.available","metricValue":2918305792,"step":null}},"type":"metric_msg"}
{"payload":{"local_timestamp":1767769808875,"message_id":21,"metric":{"epoch":null,"metricName":"sys.ram.percent.used","metricValue":82.7,"step":null}},"type":"metric_msg"}
{"payload":{"local_timestamp":1767769808875,"message_id":22,"metric":{"epoch":null,"metricName":"sys.load.avg","metricValue":0.0,"step":null}},"type":"metric_msg"}
{"payload":{"local_timestamp":1767769808908,"message_id":23,"output":"\u001b[1;38;5;39mCOMET INFO:\u001b[0m Couldn't find a Git repository in 'D:\\\\pythonProject\\\\\u81ea\u52a8\u56fe\u50cf\u76ee\u6807\u68c0\u6d4b\u4e0e\u6807\u6ce8\u7cfb\u7edf' nor in any parent directory. Set `COMET_GIT_DIRECTORY` if your Git Repository is elsewhere.\n","stderr":true},"type":"standard_output"}
{"payload":{"additional_params":{"assetId":"660cf740575240f38b8615d6c38b9f1c","context":null,"epoch":null,"extension":"yml","fileName":"conda-environment.yml","overwrite":false,"runId":null,"step":null,"type":"conda-environment-definition"},"clean":true,"file_path":"tmpqk_2bhgj","local_timestamp":1767769819671,"message_id":24,"metadata":{},"upload_type":"conda-environment-definition"},"type":"file_upload"}
{"payload":{"local_timestamp":1767769820704,"message_id":25,"output":"\u001b[1;38;5;214mCOMET WARNING:\u001b[0m Error retrieving Conda package as an explicit file\n","stderr":true},"type":"standard_output"}
{"payload":{"local_timestamp":1767769820710,"message_id":26,"output":"\u001b[1;38;5;214mCOMET WARNING:\u001b[0m Command '['conda', 'list', '--explicit', '--md5']' returned non-zero exit status 1.\n\r\nCondaError: KeyboardInterrupt\r\n\r\n\n","stderr":true},"type":"standard_output"}
{"payload":{"additional_params":{"assetId":"b65aa6f842d24cc4a691d5e283131bea","context":null,"epoch":null,"extension":"yml","fileName":"conda-info.yml","overwrite":false,"runId":null,"step":null,"type":"conda-info"},"clean":true,"file_path":"tmprc0x74fr","local_timestamp":1767769823946,"message_id":27,"metadata":{},"upload_type":"conda-info"},"type":"file_upload"}
{"payload":{"local_timestamp":1767769829904,"message_id":28,"output":"Traceback (most recent call last):\n","stderr":true},"type":"standard_output"}
{"payload":{"local_timestamp":1767769829905,"message_id":29,"output":"  File \"D:\\Anaconda3\\envs\\yolov52\\lib\\socket.py\", line 844, in create_connection\n","stderr":true},"type":"standard_output"}
{"payload":{"local_timestamp":1767769829907,"message_id":30,"output":"    ","stderr":true},"type":"standard_output"}
{"payload":{"local_timestamp":1767769829907,"message_id":31,"output":"sock.connect(sa)","stderr":true},"type":"standard_output"}
{"payload":{"local_timestamp":1767769829907,"message_id":32,"output":"\n","stderr":true},"type":"standard_output"}
{"payload":{"local_timestamp":1767769829907,"message_id":33,"output":"TimeoutError","stderr":true},"type":"standard_output"}
{"payload":{"local_timestamp":1767769829907,"message_id":34,"output":": ","stderr":true},"type":"standard_output"}
{"payload":{"local_timestamp":1767769829907,"message_id":35,"output":"[WinError 10060] \u7531\u4e8e\u8fde\u63a5\u65b9\u5728\u4e00\u6bb5\u65f6\u95f4\u540e\u6ca1\u6709\u6b63\u786e\u7b54\u590d\u6216\u8fde\u63a5\u7684\u4e3b\u673a\u6ca1\u6709\u53cd\u5e94\uff0c\u8fde\u63a5\u5c1d\u8bd5\u5931\u8d25\u3002","stderr":true},"type":"standard_output"}
{"payload":{"local_timestamp":1767769829907,"message_id":36,"output":"\n","stderr":true},"type":"standard_output"}
{"payload":{"local_timestamp":1767769829907,"message_id":37,"output":"\nDuring handling of the above exception, another exception occurred:\n\n","stderr":true},"type":"standard_output"}
{"payload":{"local_timestamp":1767769829908,"message_id":38,"output":"Traceback (most recent call last):\n","stderr":true},"type":"standard_output"}
{"payload":{"local_timestamp":1767769829908,"message_id":39,"output":"  File \"d:\\pythonProject\\\u81ea\u52a8\u56fe\u50cf\u76ee\u6807\u68c0\u6d4b\u4e0e\u6807\u6ce8\u7cfb\u7edf\\yolov5\\train.py\", line 987, in <module>\n","stderr":true},"type":"standard_output"}
{"payload":{"local_timestamp":1767769829909,"message_id":40,"output":"    ","stderr":true},"type":"standard_output"}
{"payload":{"local_timestamp":1767769829909,"message_id":41,"output":"main(opt)","stderr":true},"type":"standard_output"}
{"payload":{"local_timestamp":1767769829910,"message_id":42,"output":"\n","stderr":true},"type":"standard_output"}
{"payload":{"local_timestamp":1767769829910,"message_id":43,"output":"  File \"d:\\pythonProject\\\u81ea\u52a8\u56fe\u50cf\u76ee\u6807\u68c0\u6d4b\u4e0e\u6807\u6ce8\u7cfb\u7edf\\yolov5\\train.py\", line 688, in main\n","stderr":true},"type":"standard_output"}
{"payload":{"local_timestamp":1767769829911,"message_id":44,"output":"    ","stderr":true},"type":"standard_output"}
{"payload":{"local_timestamp":1767769829911,"message_id":45,"output":"train(opt.hyp, opt, device, callbacks)","stderr":true},"type":"standard_output"}
{"payload":{"local_timestamp":1767769829912,"message_id":46,"output":"\n","stderr":true},"type":"standard_output"}
{"payload":{"local_timestamp":1767769829912,"message_id":47,"output":"  File \"d:\\pythonProject\\\u81ea\u52a8\u56fe\u50cf\u76ee\u6807\u68c0\u6d4b\u4e0e\u6807\u6ce8\u7cfb\u7edf\\yolov5\\train.py\", line 182, in train\n","stderr":true},"type":"standard_output"}
{"payload":{"local_timestamp":1767769829913,"message_id":48,"output":"    ","stderr":true},"type":"standard_output"}
{"payload":{"local_timestamp":1767769829913,"message_id":49,"output":"loggers = Loggers(","stderr":true},"type":"standard_output"}
{"payload":{"local_timestamp":1767769829914,"message_id":50,"output":"\n","stderr":true},"type":"standard_output"}
{"payload":{"local_timestamp":1767769829914,"message_id":51,"output":"  File \"d:\\pythonProject\\\u81ea\u52a8\u56fe\u50cf\u76ee\u6807\u68c0\u6d4b\u4e0e\u6807\u6ce8\u7cfb\u7edf\\yolov5\\utils\\loggers\\__init__.py\", line 152, in __init__\n","stderr":true},"type":"standard_output"}
{"payload":{"local_timestamp":1767769829916,"message_id":52,"output":"    ","stderr":true},"type":"standard_output"}
{"payload":{"local_timestamp":1767769829916,"message_id":53,"output":"self.comet_logger = CometLogger(self.opt, self.hyp)","stderr":true},"type":"standard_output"}
{"payload":{"local_timestamp":1767769829916,"message_id":54,"output":"\n","stderr":true},"type":"standard_output"}
{"payload":{"local_timestamp":1767769829916,"message_id":55,"output":"  File \"d:\\pythonProject\\\u81ea\u52a8\u56fe\u50cf\u76ee\u6807\u68c0\u6d4b\u4e0e\u6807\u6ce8\u7cfb\u7edf\\yolov5\\utils\\loggers\\comet\\__init__.py\", line 100, in __init__\n","stderr":true},"type":"standard_output"}
{"payload":{"local_timestamp":1767769829917,"message_id":56,"output":"    ","stderr":true},"type":"standard_output"}
{"payload":{"local_timestamp":1767769829917,"message_id":57,"output":"self.data_dict = self.check_dataset(self.opt.data)","stderr":true},"type":"standard_output"}
{"payload":{"local_timestamp":1767769829917,"message_id":58,"output":"\n","stderr":true},"type":"standard_output"}
{"payload":{"local_timestamp":1767769829917,"message_id":59,"output":"  File \"d:\\pythonProject\\\u81ea\u52a8\u56fe\u50cf\u76ee\u6807\u68c0\u6d4b\u4e0e\u6807\u6ce8\u7cfb\u7edf\\yolov5\\utils\\loggers\\comet\\__init__.py\", line 259, in check_dataset\n","stderr":true},"type":"standard_output"}
{"payload":{"local_timestamp":1767769829918,"message_id":60,"output":"    ","stderr":true},"type":"standard_output"}
{"payload":{"local_timestamp":1767769829918,"message_id":61,"output":"return check_dataset(data_file)","stderr":true},"type":"standard_output"}
{"payload":{"local_timestamp":1767769829918,"message_id":62,"output":"\n","stderr":true},"type":"standard_output"}
{"payload":{"local_timestamp":1767769829919,"message_id":63,"output":"  File \"d:\\pythonProject\\\u81ea\u52a8\u56fe\u50cf\u76ee\u6807\u68c0\u6d4b\u4e0e\u6807\u6ce8\u7cfb\u7edf\\yolov5\\utils\\general.py\", line 578, in check_dataset\n","stderr":true},"type":"standard_output"}
{"payload":{"local_timestamp":1767769829921,"message_id":64,"output":"    ","stderr":true},"type":"standard_output"}
{"payload":{"local_timestamp":1767769829921,"message_id":65,"output":"r = exec(s, {\"yaml\": data})  # return None","stderr":true},"type":"standard_output"}
{"payload":{"local_timestamp":1767769829921,"message_id":66,"output":"\n","stderr":true},"type":"standard_output"}
{"payload":{"local_timestamp":1767769829922,"message_id":67,"output":"  File \"<string>\", line 9, in <module>\n","stderr":true},"type":"standard_output"}
{"payload":{"local_timestamp":1767769829925,"message_id":68,"output":"  File \"d:\\pythonProject\\\u81ea\u52a8\u56fe\u50cf\u76ee\u6807\u68c0\u6d4b\u4e0e\u6807\u6ce8\u7cfb\u7edf\\yolov5\\utils\\general.py\", line 695, in download\n","stderr":true},"type":"standard_output"}
{"payload":{"local_timestamp":1767769829926,"message_id":69,"output":"    ","stderr":true},"type":"standard_output"}
{"payload":{"local_timestamp":1767769829926,"message_id":70,"output":"download_one(u, dir)","stderr":true},"type":"standard_output"}
{"payload":{"local_timestamp":1767769829926,"message_id":71,"output":"\n","stderr":true},"type":"standard_output"}
{"payload":{"local_timestamp":1767769829926,"message_id":72,"output":"  File \"d:\\pythonProject\\\u81ea\u52a8\u56fe\u50cf\u76ee\u6807\u68c0\u6d4b\u4e0e\u6807\u6ce8\u7cfb\u7edf\\yolov5\\utils\\general.py\", line 666, in download_one\n","stderr":true},"type":"standard_output"}
{"payload":{"local_timestamp":1767769829927,"message_id":73,"output":"    ","stderr":true},"type":"standard_output"}
{"payload":{"local_timestamp":1767769829927,"message_id":74,"output":"torch.hub.download_url_to_file(url, f, progress=threads == 1)  # torch download","stderr":true},"type":"standard_output"}
{"payload":{"local_timestamp":1767769829928,"message_id":75,"output":"\n","stderr":true},"type":"standard_output"}
{"payload":{"local_timestamp":1767769829928,"message_id":76,"output":"  File \"D:\\Anaconda3\\envs\\yolov52\\lib\\site-packages\\torch\\hub.py\", line 708, in download_url_to_file\n","stderr":true},"type":"standard_output"}
{"payload":{"local_timestamp":1767769829931,"message_id":77,"output":"    ","stderr":true},"type":"standard_output"}
{"payload":{"local_timestamp":1767769829931,"message_id":78,"output":"u = urlopen(req)","stderr":true},"type":"standard_output"}
{"payload":{"local_timestamp":1767769829931,"message_id":79,"output":"\n","stderr":true},"type":"standard_output"}
{"payload":{"local_timestamp":1767769829933,"message_id":80,"output":"  File \"D:\\Anaconda3\\envs\\yolov52\\lib\\urllib\\request.py\", line 214, in urlopen\n","stderr":true},"type":"standard_output"}
{"payload":{"local_timestamp":1767769829936,"message_id":81,"output":"    ","stderr":true},"type":"standard_output"}
{"payload":{"local_timestamp":1767769829936,"message_id":82,"output":"return opener.open(url, data, timeout)","stderr":true},"type":"standard_output"}
{"payload":{"local_timestamp":1767769829937,"message_id":83,"output":"\n","stderr":true},"type":"standard_output"}
{"payload":{"local_timestamp":1767769829937,"message_id":84,"output":"  File \"D:\\Anaconda3\\envs\\yolov52\\lib\\urllib\\request.py\", line 517, in open\n","stderr":true},"type":"standard_output"}
{"payload":{"local_timestamp":1767769829941,"message_id":85,"output":"    ","stderr":true},"type":"standard_output"}
{"payload":{"local_timestamp":1767769829941,"message_id":86,"output":"response = self._open(req, data)","stderr":true},"type":"standard_output"}
{"payload":{"local_timestamp":1767769829941,"message_id":87,"output":"\n","stderr":true},"type":"standard_output"}
{"payload":{"local_timestamp":1767769829942,"message_id":88,"output":"  File \"D:\\Anaconda3\\envs\\yolov52\\lib\\urllib\\request.py\", line 534, in _open\n","stderr":true},"type":"standard_output"}
{"payload":{"local_timestamp":1767769829944,"message_id":89,"output":"    ","stderr":true},"type":"standard_output"}
{"payload":{"local_timestamp":1767769829944,"message_id":90,"output":"result = self._call_chain(self.handle_open, protocol, protocol +","stderr":true},"type":"standard_output"}
{"payload":{"local_timestamp":1767769829945,"message_id":91,"output":"\n","stderr":true},"type":"standard_output"}
{"payload":{"local_timestamp":1767769829945,"message_id":92,"output":"  File \"D:\\Anaconda3\\envs\\yolov52\\lib\\urllib\\request.py\", line 494, in _call_chain\n","stderr":true},"type":"standard_output"}
{"payload":{"local_timestamp":1767769829946,"message_id":93,"output":"    ","stderr":true},"type":"standard_output"}
{"payload":{"local_timestamp":1767769829946,"message_id":94,"output":"result = func(*args)","stderr":true},"type":"standard_output"}
{"payload":{"local_timestamp":1767769829947,"message_id":95,"output":"\n","stderr":true},"type":"standard_output"}
{"payload":{"local_timestamp":1767769829947,"message_id":96,"output":"  File \"D:\\Anaconda3\\envs\\yolov52\\lib\\urllib\\request.py\", line 1389, in https_open\n","stderr":true},"type":"standard_output"}
{"payload":{"local_timestamp":1767769829948,"message_id":97,"output":"    ","stderr":true},"type":"standard_output"}
{"payload":{"local_timestamp":1767769829948,"message_id":98,"output":"return self.do_open(http.client.HTTPSConnection, req,","stderr":true},"type":"standard_output"}
{"payload":{"local_timestamp":1767769829949,"message_id":99,"output":"\n","stderr":true},"type":"standard_output"}
{"payload":{"local_timestamp":1767769829949,"message_id":100,"output":"  File \"D:\\Anaconda3\\envs\\yolov52\\lib\\urllib\\request.py\", line 1346, in do_open\n","stderr":true},"type":"standard_output"}
{"payload":{"local_timestamp":1767769829951,"message_id":101,"output":"    ","stderr":true},"type":"standard_output"}
{"payload":{"local_timestamp":1767769829951,"message_id":102,"output":"h.request(req.get_method(), req.selector, req.data, headers,","stderr":true},"type":"standard_output"}
{"payload":{"local_timestamp":1767769829952,"message_id":103,"output":"\n","stderr":true},"type":"standard_output"}
{"payload":{"local_timestamp":1767769829953,"message_id":104,"output":"  File \"D:\\Anaconda3\\envs\\yolov52\\lib\\http\\client.py\", line 1285, in request\n","stderr":true},"type":"standard_output"}
{"payload":{"local_timestamp":1767769829955,"message_id":105,"output":"    ","stderr":true},"type":"standard_output"}
{"payload":{"local_timestamp":1767769829955,"message_id":106,"output":"self._send_request(method, url, body, headers, encode_chunked)","stderr":true},"type":"standard_output"}
{"payload":{"local_timestamp":1767769829956,"message_id":107,"output":"\n","stderr":true},"type":"standard_output"}
{"payload":{"local_timestamp":1767769829956,"message_id":108,"output":"  File \"D:\\Anaconda3\\envs\\yolov52\\lib\\http\\client.py\", line 1331, in _send_request\n","stderr":true},"type":"standard_output"}
{"payload":{"local_timestamp":1767769829958,"message_id":109,"output":"    ","stderr":true},"type":"standard_output"}
{"payload":{"local_timestamp":1767769829958,"message_id":110,"output":"self.endheaders(body, encode_chunked=encode_chunked)","stderr":true},"type":"standard_output"}
{"payload":{"local_timestamp":1767769829959,"message_id":111,"output":"\n","stderr":true},"type":"standard_output"}
{"payload":{"local_timestamp":1767769829959,"message_id":112,"output":"  File \"D:\\Anaconda3\\envs\\yolov52\\lib\\http\\client.py\", line 1280, in endheaders\n","stderr":true},"type":"standard_output"}
{"payload":{"local_timestamp":1767769829961,"message_id":113,"output":"    ","stderr":true},"type":"standard_output"}
{"payload":{"local_timestamp":1767769829962,"message_id":114,"output":"self._send_output(message_body, encode_chunked=encode_chunked)","stderr":true},"type":"standard_output"}
{"payload":{"local_timestamp":1767769829962,"message_id":115,"output":"\n","stderr":true},"type":"standard_output"}
{"payload":{"local_timestamp":1767769829962,"message_id":116,"output":"  File \"D:\\Anaconda3\\envs\\yolov52\\lib\\http\\client.py\", line 1040, in _send_output\n","stderr":true},"type":"standard_output"}
{"payload":{"local_timestamp":1767769829964,"message_id":117,"output":"    ","stderr":true},"type":"standard_output"}
{"payload":{"local_timestamp":1767769829964,"message_id":118,"output":"self.send(msg)","stderr":true},"type":"standard_output"}
{"payload":{"local_timestamp":1767769829965,"message_id":119,"output":"\n","stderr":true},"type":"standard_output"}
{"payload":{"local_timestamp":1767769829965,"message_id":120,"output":"  File \"D:\\Anaconda3\\envs\\yolov52\\lib\\http\\client.py\", line 980, in send\n","stderr":true},"type":"standard_output"}
{"payload":{"local_timestamp":1767769829966,"message_id":121,"output":"    ","stderr":true},"type":"standard_output"}
{"payload":{"local_timestamp":1767769829966,"message_id":122,"output":"self.connect()","stderr":true},"type":"standard_output"}
{"payload":{"local_timestamp":1767769829967,"message_id":123,"output":"\n","stderr":true},"type":"standard_output"}
{"payload":{"local_timestamp":1767769829967,"message_id":124,"output":"  File \"D:\\Anaconda3\\envs\\yolov52\\lib\\http\\client.py\", line 1447, in connect\n","stderr":true},"type":"standard_output"}
{"payload":{"local_timestamp":1767769829970,"message_id":125,"output":"    ","stderr":true},"type":"standard_output"}
{"payload":{"local_timestamp":1767769829970,"message_id":126,"output":"super().connect()","stderr":true},"type":"standard_output"}
{"payload":{"local_timestamp":1767769829971,"message_id":127,"output":"\n","stderr":true},"type":"standard_output"}
{"payload":{"local_timestamp":1767769829971,"message_id":128,"output":"  File \"D:\\Anaconda3\\envs\\yolov52\\lib\\http\\client.py\", line 946, in connect\n","stderr":true},"type":"standard_output"}
{"payload":{"local_timestamp":1767769829973,"message_id":129,"output":"    ","stderr":true},"type":"standard_output"}
{"payload":{"local_timestamp":1767769829973,"message_id":130,"output":"self.sock = self._create_connection(","stderr":true},"type":"standard_output"}
{"payload":{"local_timestamp":1767769829973,"message_id":131,"output":"\n","stderr":true},"type":"standard_output"}
{"payload":{"local_timestamp":1767769829974,"message_id":132,"output":"  File \"D:\\Anaconda3\\envs\\yolov52\\lib\\socket.py\", line 844, in create_connection\n","stderr":true},"type":"standard_output"}
{"payload":{"local_timestamp":1767769829974,"message_id":133,"output":"    ","stderr":true},"type":"standard_output"}
{"payload":{"local_timestamp":1767769829974,"message_id":134,"output":"sock.connect(sa)","stderr":true},"type":"standard_output"}
{"payload":{"local_timestamp":1767769829975,"message_id":135,"output":"\n","stderr":true},"type":"standard_output"}
{"payload":{"local_timestamp":1767769829975,"message_id":136,"output":"KeyboardInterrupt","stderr":true},"type":"standard_output"}
{"payload":{"local_timestamp":1767769829975,"message_id":137,"output":"\n","stderr":true},"type":"standard_output"}
{"payload":{"local_timestamp":1767769829979,"message_id":138,"output":"\u001b[1;38;5;39mCOMET INFO:\u001b[0m ---------------------------------------------------------------------------------------\n","stderr":true},"type":"standard_output"}
{"payload":{"local_timestamp":1767769829979,"message_id":139,"output":"\u001b[1;38;5;39mCOMET INFO:\u001b[0m Comet.ml OfflineExperiment Summary\n","stderr":true},"type":"standard_output"}
{"payload":{"local_timestamp":1767769829980,"message_id":140,"output":"\u001b[1;38;5;39mCOMET INFO:\u001b[0m ---------------------------------------------------------------------------------------\n","stderr":true},"type":"standard_output"}
{"payload":{"local_timestamp":1767769829981,"message_id":141,"output":"\u001b[1;38;5;39mCOMET INFO:\u001b[0m   Data:\n","stderr":true},"type":"standard_output"}
{"payload":{"local_timestamp":1767769829981,"message_id":142,"output":"\u001b[1;38;5;39mCOMET INFO:\u001b[0m     display_summary_level : 1\n","stderr":true},"type":"standard_output"}
{"payload":{"local_timestamp":1767769829983,"message_id":143,"output":"\u001b[1;38;5;39mCOMET INFO:\u001b[0m     name                  : exp\n","stderr":true},"type":"standard_output"}
{"payload":{"local_timestamp":1767769829986,"message_id":144,"output":"\u001b[1;38;5;39mCOMET INFO:\u001b[0m     url                   : [OfflineExperiment will get URL after upload]\n","stderr":true},"type":"standard_output"}
{"payload":{"local_timestamp":1767769829989,"message_id":145,"output":"\u001b[1;38;5;39mCOMET INFO:\u001b[0m   Others:\n","stderr":true},"type":"standard_output"}
{"payload":{"local_timestamp":1767769829990,"message_id":146,"output":"\u001b[1;38;5;39mCOMET INFO:\u001b[0m     Name               : exp\n","stderr":true},"type":"standard_output"}
{"payload":{"local_timestamp":1767769829991,"message_id":147,"output":"\u001b[1;38;5;39mCOMET INFO:\u001b[0m     offline_experiment : True\n","stderr":true},"type":"standard_output"}
{"payload":{"local_timestamp":1767769829991,"message_id":148,"output":"\u001b[1;38;5;39mCOMET INFO:\u001b[0m   Uploads:\n","stderr":true},"type":"standard_output"}
{"payload":{"local_timestamp":1767769829992,"message_id":149,"output":"\u001b[1;38;5;39mCOMET INFO:\u001b[0m     asset                        : 1 (2.86 KB)\n","stderr":true},"type":"standard_output"}
{"payload":{"local_timestamp":1767769829993,"message_id":150,"output":"\u001b[1;38;5;39mCOMET INFO:\u001b[0m     conda-environment-definition : 1\n","stderr":true},"type":"standard_output"}
{"payload":{"local_timestamp":1767769829994,"message_id":151,"output":"\u001b[1;38;5;39mCOMET INFO:\u001b[0m     conda-info                   : 1\n","stderr":true},"type":"standard_output"}
{"payload":{"local_timestamp":1767769829995,"message_id":152,"output":"\u001b[1;38;5;39mCOMET INFO:\u001b[0m     environment details          : 1\n","stderr":true},"type":"standard_output"}
{"payload":{"local_timestamp":1767769829996,"message_id":153,"output":"\u001b[1;38;5;39mCOMET INFO:\u001b[0m     installed packages           : 1\n","stderr":true},"type":"standard_output"}
{"payload":{"local_timestamp":1767769829997,"message_id":154,"output":"\u001b[1;38;5;39mCOMET INFO:\u001b[0m \n","stderr":true},"type":"standard_output"}
{"payload":{"local_timestamp":1767769829997,"message_id":155,"metric":{"epoch":null,"metricName":"process duration","metricValue":22,"step":null}},"type":"metric_msg"}
