{"offline_id": "5884c2711d7e4c478a0046867e09c2aa", "project_name": "yolov5", "start_time": 1767769448194, "stop_time": 1767769468750, "tags": [], "workspace": null, "resume_strategy": "create", "customer_error_reported": true, "customer_error_message": "Unexpected error detected in the user script: UnicodeDecodeError('gbk', b\"# Ultralytics \\xf0\\x9f\\x9a\\x80 AGPL-3.0 License - https://ultralytics.com/license\\r\\n\\r\\n# COCO 2017 dataset http://cocodataset.org by Microsoft\\r\\n# Example usage: python train.py --data coco.yaml\\r\\n# parent\\r\\n# \\xe2\\x94\\x9c\\xe2\\x94\\x80\\xe2\\x94\\x80 yolov5\\r\\n# \\xe2\\x94\\x94\\xe2\\x94\\x80\\xe2\\x94\\x80 datasets\\r\\n#     \\xe2\\x94\\x94\\xe2\\x94\\x80\\xe2\\x94\\x80 coco  \\xe2\\x86\\x90 downloads here (20.1 GB)\\r\\n\\r\\n# Train/val/test sets as 1) dir: path/to/imgs, 2) file: path/to/imgs.txt, or 3) list: [path/to/imgs1, path/to/imgs2, ..]\\r\\npath: D:\\\\pythonProject\\\\\\xe8\\x87\\xaa\\xe5\\x8a\\xa8\\xe5\\x9b\\xbe\\xe5\\x83\\x8f\\xe7\\x9b\\xae\\xe6\\xa0\\x87\\xe6\\xa3\\x80\\xe6\\xb5\\x8b\\xe4\\xb8\\x8e\\xe6\\xa0\\x87\\xe6\\xb3\\xa8\\xe7\\xb3\\xbb\\xe7\\xbb\\x9f\\\\dataset\\\\coco # dataset root dir\\r\\ntrain: images/train2017 # train images (relative to 'path') 118287 images\\r\\nval: images/val2017 # val images (relative to 'path') 5000 images\\r\\ntest: images/test2017 # 20288 of 40670 images, submit to https://competitions.codalab.org/competitions/20794\\r\\n\\r\\n# COCO\\xe6\\xa0\\x87\\xe6\\xb3\\xa8\\xe6\\x96\\x87\\xe4\\xbb\\xb6\\xe8\\xb7\\xaf\\xe5\\xbe\\x84\\xef\\xbc\\x88\\xe7\\x9b\\xb8\\xe5\\xaf\\xb9path)\\r\\ntrain_annotations: annotations/instances_train2017.json  # \\xe6\\xa3\\x80\\xe6\\xb5\\x8b/\\xe5\\x88\\x86\\xe5\\x89\\xb2\\xe6\\xa0\\xb8\\xe5\\xbf\\x83\\xe6\\xa0\\x87\\xe6\\xb3\\xa8\\r\\nval_annotations: annotations/instances_val2017.json\\r\\ntest_annotations: annotations/instances_test2017.json\\r\\n\\r\\n# Classes\\r\\nnames:\\r\\n  0: person\\r\\n  1: bicycle\\r\\n  2: car\\r\\n  3: motorcycle\\r\\n  4: airplane\\r\\n  5: bus\\r\\n  6: train\\r\\n  7: truck\\r\\n  8: boat\\r\\n  9: traffic light\\r\\n  10: fire hydrant\\r\\n  11: stop sign\\r\\n  12: parking meter\\r\\n  13: bench\\r\\n  14: bird\\r\\n  15: cat\\r\\n  16: dog\\r\\n  17: horse\\r\\n  18: sheep\\r\\n  19: cow\\r\\n  20: elephant\\r\\n  21: bear\\r\\n  22: zebra\\r\\n  23: giraffe\\r\\n  24: backpack\\r\\n  25: umbrella\\r\\n  26: handbag\\r\\n  27: tie\\r\\n  28: suitcase\\r\\n  29: frisbee\\r\\n  30: skis\\r\\n  31: snowboard\\r\\n  32: sports ball\\r\\n  33: kite\\r\\n  34: baseball bat\\r\\n  35: baseball glove\\r\\n  36: skateboard\\r\\n  37: surfboard\\r\\n  38: tennis racket\\r\\n  39: bottle\\r\\n  40: wine glass\\r\\n  41: cup\\r\\n  42: fork\\r\\n  43: knife\\r\\n  44: spoon\\r\\n  45: bowl\\r\\n  46: banana\\r\\n  47: apple\\r\\n  48: sandwich\\r\\n  49: orange\\r\\n  50: broccoli\\r\\n  51: carrot\\r\\n  52: hot dog\\r\\n  53: pizza\\r\\n  54: donut\\r\\n  55: cake\\r\\n  56: chair\\r\\n  57: couch\\r\\n  58: potted plant\\r\\n  59: bed\\r\\n  60: dining table\\r\\n  61: toilet\\r\\n  62: tv\\r\\n  63: laptop\\r\\n  64: mouse\\r\\n  65: remote\\r\\n  66: keyboard\\r\\n  67: cell phone\\r\\n  68: microwave\\r\\n  69: oven\\r\\n  70: toaster\\r\\n  71: sink\\r\\n  72: refrigerator\\r\\n  73: book\\r\\n  74: clock\\r\\n  75: vase\\r\\n  76: scissors\\r\\n  77: teddy bear\\r\\n  78: hair drier\\r\\n  79: toothbrush\\r\\n\\r\\n# Download script/URL (optional)\\r\\ndownload: |\\r\\n  from utils.general import download, Path\\r\\n\\r\\n\\r\\n  # Download labels\\r\\n  segments = False  # segment or box labels\\r\\n  dir = Path(yaml['path'])  # dataset root dir\\r\\n  url = 'https://github.com/ultralytics/assets/releases/download/v0.0.0/'\\r\\n  urls = [url + ('coco2017labels-segments.zip' if segments else 'coco2017labels.zip')]  # labels\\r\\n  download(urls, dir=dir.parent)\\r\\n\\r\\n  # Download data\\r\\n  urls = ['http://images.cocodataset.org/zips/train2017.zip',  # 19G, 118k images\\r\\n          'http://images.cocodataset.org/zips/val2017.zip',  # 1G, 5k images\\r\\n          'http://images.cocodataset.org/zips/test2017.zip']  # 7G, 41k images (optional)\\r\\n  download(urls, dir=dir / 'images', threads=3)\\r\\n\", 201, 202, 'illegal multibyte sequence')", "user_provided_experiment_key": false, "comet_start_sourced": false}