{"payload":{"installed_packages":["attrs==25.4.0","autocommand==2.2.2","backports.tarfile==1.2.0","brotlicffi==1.0.9.2","certifi==2025.10.5","cffi==2.0.0","charset-normalizer==3.4.4","colorama==0.4.6","comet-ml==3.55.0","configobj==5.0.9","contourpy==1.3.0","cycler==0.12.1","dulwich==0.24.10","everett==3.1.0","filelock==3.17.0","fonttools==4.60.2","fsspec==2025.10.0","gitdb==4.0.12","gitpython==3.1.46","gmpy2==2.2.1","idna==3.11","importlib-metadata==8.0.0","importlib-resources==6.5.2","inflect==7.3.1","jaraco.collections==5.1.0","jaraco.context==5.3.0","jaraco.functools==4.0.1","jaraco.text==3.12.1","jinja2==3.1.6","jsonschema==4.25.1","jsonschema-specifications==2025.9.1","kiwisolver==1.4.7","markdown-it-py==3.0.0","markupsafe==3.0.2","matplotlib==3.9.4","mdurl==0.1.2","mkl-fft==1.3.11","mkl-random==1.2.8","mkl-service==2.4.0","more-itertools==10.3.0","mpmath==1.3.0","networkx==3.2.1","numpy==2.0.1","opencv-python==4.12.0.88","packaging==25.0","pandas==2.3.3","pillow==11.1.0","pip==25.3","platformdirs==4.2.2","polars==1.36.1","polars-runtime-32==1.36.1","psutil==7.2.1","pycparser==2.23","pygments==2.19.2","pyparsing==3.3.1","pysocks==1.7.1","python-box==6.1.0","python-dateutil==2.9.0.post0","pytz==2025.2","pyyaml==6.0.2","referencing==0.36.2","requests==2.32.5","requests-toolbelt==1.0.0","rich==14.2.0","rpds-py==0.27.1","scipy==1.13.1","seaborn==0.13.2","semantic-version==2.10.0","sentry-sdk==2.48.0","setuptools==80.9.0","simplejson==3.20.2","six==1.17.0","smmap==5.0.2","sympy==1.13.1","thop==0.1.1.post2209072238","tomli==2.0.1","torch==2.5.1","torchaudio==2.5.1","torchvision==0.20.1","tqdm==4.67.1","typeguard==4.3.0","typing-extensions==4.15.0","tzdata==2025.3","ultralytics==8.3.248","ultralytics-thop==2.0.18","urllib3==2.5.0","wheel==0.45.1","win-inet-pton==1.1.0","wrapt==2.0.1","wurlitzer==3.1.1","zipp==3.23.0"],"message_id":1},"type":"installed_packages"}
{"payload":{"command":["d:/pythonProject/\u81ea\u52a8\u56fe\u50cf\u76ee\u6807\u68c0\u6d4b\u4e0e\u6807\u6ce8\u7cfb\u7edf/yolov5/train.py"],"env":null,"hostname":"LAPTOP-E3HQELEV","ip":"10.141.42.125","machine":"AMD64","message_id":2,"os":"Windows-10-10.0.26200-SP0","os_release":"10","os_type":"Windows","pid":74388,"processor":"Intel64 Family 6 Model 154 Stepping 3, GenuineIntel","python_exe":"D:\\Anaconda3\\envs\\yolov52\\python.exe","python_version":"3.9.25","python_version_verbose":"3.9.25 (main, Nov  3 2025, 22:44:01) [MSC v.1929 64 bit (AMD64)]","user":"Lvchayue"},"type":"system_details"}
{"payload":{"gpu_static_info":[{"gpu_index":0,"name":"NVIDIA GeForce RTX 3050 Laptop GPU","power_limit":75000,"total_memory":4294967296,"uuid":"GPU-2ba42402-83f9-abe0-6773-1bb6c30130f6"}],"message_id":3},"type":"gpu_static_info"}
{"payload":{"local_timestamp":1767769448805,"message_id":4,"metric":{"epoch":null,"metricName":"sys.gpu.0.total_memory","metricValue":4294967296,"step":null}},"type":"metric_msg"}
{"payload":{"key":"offline_experiment","message_id":5,"value":true},"type":"log_other"}
{"payload":{"key":"Name","message_id":6,"value":"exp"},"type":"log_other"}
{"payload":{"local_timestamp":1767769448808,"message_id":7,"output":"Traceback (most recent call last):\n","stderr":true},"type":"standard_output"}
{"payload":{"local_timestamp":1767769448809,"message_id":8,"output":"  File \"d:\\pythonProject\\\u81ea\u52a8\u56fe\u50cf\u76ee\u6807\u68c0\u6d4b\u4e0e\u6807\u6ce8\u7cfb\u7edf\\yolov5\\train.py\", line 987, in <module>\n","stderr":true},"type":"standard_output"}
{"payload":{"local_timestamp":1767769448810,"message_id":9,"metric":{"epoch":null,"metricName":"sys.gpu.0.gpu_utilization","metricValue":0,"step":null}},"type":"metric_msg"}
{"payload":{"local_timestamp":1767769448810,"message_id":10,"metric":{"epoch":null,"metricName":"sys.gpu.0.power_usage","metricValue":3112,"step":null}},"type":"metric_msg"}
{"payload":{"local_timestamp":1767769448810,"message_id":11,"metric":{"epoch":null,"metricName":"sys.gpu.0.temperature","metricValue":38,"step":null}},"type":"metric_msg"}
{"payload":{"local_timestamp":1767769448810,"message_id":12,"metric":{"epoch":null,"metricName":"sys.gpu.0.memory_utilization","metricValue":0,"step":null}},"type":"metric_msg"}
{"payload":{"local_timestamp":1767769448810,"message_id":13,"metric":{"epoch":null,"metricName":"sys.gpu.0.free_memory","metricValue":3999358976,"step":null}},"type":"metric_msg"}
{"payload":{"local_timestamp":1767769448810,"message_id":14,"metric":{"epoch":null,"metricName":"sys.gpu.0.used_memory","metricValue":295608320,"step":null}},"type":"metric_msg"}
{"payload":{"local_timestamp":1767769448810,"message_id":15,"metric":{"epoch":null,"metricName":"sys.gpu.0.percent.used_memory","metricValue":6.882667541503906,"step":null}},"type":"metric_msg"}
{"payload":{"local_timestamp":1767769448812,"message_id":16,"output":"    ","stderr":true},"type":"standard_output"}
{"payload":{"local_timestamp":1767769448812,"message_id":17,"output":"main(opt)","stderr":true},"type":"standard_output"}
{"payload":{"local_timestamp":1767769448812,"message_id":18,"output":"\n","stderr":true},"type":"standard_output"}
{"payload":{"local_timestamp":1767769448812,"message_id":19,"output":"  File \"d:\\pythonProject\\\u81ea\u52a8\u56fe\u50cf\u76ee\u6807\u68c0\u6d4b\u4e0e\u6807\u6ce8\u7cfb\u7edf\\yolov5\\train.py\", line 688, in main\n","stderr":true},"type":"standard_output"}
{"payload":{"local_timestamp":1767769448814,"message_id":20,"output":"    ","stderr":true},"type":"standard_output"}
{"payload":{"local_timestamp":1767769448814,"message_id":21,"output":"train(opt.hyp, opt, device, callbacks)","stderr":true},"type":"standard_output"}
{"payload":{"local_timestamp":1767769448814,"message_id":22,"output":"\n","stderr":true},"type":"standard_output"}
{"payload":{"local_timestamp":1767769448814,"message_id":23,"output":"  File \"d:\\pythonProject\\\u81ea\u52a8\u56fe\u50cf\u76ee\u6807\u68c0\u6d4b\u4e0e\u6807\u6ce8\u7cfb\u7edf\\yolov5\\train.py\", line 182, in train\n","stderr":true},"type":"standard_output"}
{"payload":{"local_timestamp":1767769448815,"message_id":24,"output":"    ","stderr":true},"type":"standard_output"}
{"payload":{"local_timestamp":1767769448815,"message_id":25,"output":"loggers = Loggers(","stderr":true},"type":"standard_output"}
{"payload":{"local_timestamp":1767769448815,"message_id":26,"output":"\n","stderr":true},"type":"standard_output"}
{"payload":{"local_timestamp":1767769448816,"message_id":27,"output":"  File \"d:\\pythonProject\\\u81ea\u52a8\u56fe\u50cf\u76ee\u6807\u68c0\u6d4b\u4e0e\u6807\u6ce8\u7cfb\u7edf\\yolov5\\utils\\loggers\\__init__.py\", line 152, in __init__\n","stderr":true},"type":"standard_output"}
{"payload":{"local_timestamp":1767769448816,"message_id":28,"output":"    ","stderr":true},"type":"standard_output"}
{"payload":{"local_timestamp":1767769448816,"message_id":29,"output":"self.comet_logger = CometLogger(self.opt, self.hyp)","stderr":true},"type":"standard_output"}
{"payload":{"local_timestamp":1767769448817,"message_id":30,"output":"\n","stderr":true},"type":"standard_output"}
{"payload":{"local_timestamp":1767769448817,"message_id":31,"output":"  File \"d:\\pythonProject\\\u81ea\u52a8\u56fe\u50cf\u76ee\u6807\u68c0\u6d4b\u4e0e\u6807\u6ce8\u7cfb\u7edf\\yolov5\\utils\\loggers\\comet\\__init__.py\", line 100, in __init__\n","stderr":true},"type":"standard_output"}
{"payload":{"local_timestamp":1767769448817,"message_id":32,"output":"    ","stderr":true},"type":"standard_output"}
{"payload":{"local_timestamp":1767769448817,"message_id":33,"output":"self.data_dict = self.check_dataset(self.opt.data)","stderr":true},"type":"standard_output"}
{"payload":{"local_timestamp":1767769448818,"message_id":34,"output":"\n","stderr":true},"type":"standard_output"}
{"payload":{"local_timestamp":1767769448819,"message_id":35,"output":"  File \"d:\\pythonProject\\\u81ea\u52a8\u56fe\u50cf\u76ee\u6807\u68c0\u6d4b\u4e0e\u6807\u6ce8\u7cfb\u7edf\\yolov5\\utils\\loggers\\comet\\__init__.py\", line 250, in check_dataset\n","stderr":true},"type":"standard_output"}
{"payload":{"local_timestamp":1767769448820,"message_id":36,"output":"    ","stderr":true},"type":"standard_output"}
{"payload":{"local_timestamp":1767769448820,"message_id":37,"output":"data_config = yaml.safe_load(f)","stderr":true},"type":"standard_output"}
{"payload":{"local_timestamp":1767769448820,"message_id":38,"output":"\n","stderr":true},"type":"standard_output"}
{"payload":{"local_timestamp":1767769448820,"message_id":39,"output":"  File \"D:\\Anaconda3\\envs\\yolov52\\lib\\site-packages\\yaml\\__init__.py\", line 125, in safe_load\n","stderr":true},"type":"standard_output"}
{"payload":{"local_timestamp":1767769448821,"message_id":40,"output":"    ","stderr":true},"type":"standard_output"}
{"payload":{"local_timestamp":1767769448821,"message_id":41,"output":"return load(stream, SafeLoader)","stderr":true},"type":"standard_output"}
{"payload":{"local_timestamp":1767769448821,"message_id":42,"output":"\n","stderr":true},"type":"standard_output"}
{"payload":{"local_timestamp":1767769448821,"message_id":43,"output":"  File \"D:\\Anaconda3\\envs\\yolov52\\lib\\site-packages\\yaml\\__init__.py\", line 79, in load\n","stderr":true},"type":"standard_output"}
{"payload":{"local_timestamp":1767769448822,"message_id":44,"output":"    ","stderr":true},"type":"standard_output"}
{"payload":{"local_timestamp":1767769448822,"message_id":45,"output":"loader = Loader(stream)","stderr":true},"type":"standard_output"}
{"payload":{"local_timestamp":1767769448822,"message_id":46,"output":"\n","stderr":true},"type":"standard_output"}
{"payload":{"local_timestamp":1767769448823,"message_id":47,"output":"  File \"D:\\Anaconda3\\envs\\yolov52\\lib\\site-packages\\yaml\\loader.py\", line 34, in __init__\n","stderr":true},"type":"standard_output"}
{"payload":{"local_timestamp":1767769448823,"message_id":48,"output":"    ","stderr":true},"type":"standard_output"}
{"payload":{"local_timestamp":1767769448823,"message_id":49,"output":"Reader.__init__(self, stream)","stderr":true},"type":"standard_output"}
{"payload":{"local_timestamp":1767769448824,"message_id":50,"output":"\n","stderr":true},"type":"standard_output"}
{"payload":{"local_timestamp":1767769448824,"message_id":51,"output":"  File \"D:\\Anaconda3\\envs\\yolov52\\lib\\site-packages\\yaml\\reader.py\", line 85, in __init__\n","stderr":true},"type":"standard_output"}
{"payload":{"local_timestamp":1767769448825,"message_id":52,"output":"    ","stderr":true},"type":"standard_output"}
{"payload":{"local_timestamp":1767769448825,"message_id":53,"output":"self.determine_encoding()","stderr":true},"type":"standard_output"}
{"payload":{"local_timestamp":1767769448825,"message_id":54,"output":"\n","stderr":true},"type":"standard_output"}
{"payload":{"local_timestamp":1767769448826,"message_id":55,"output":"  File \"D:\\Anaconda3\\envs\\yolov52\\lib\\site-packages\\yaml\\reader.py\", line 124, in determine_encoding\n","stderr":true},"type":"standard_output"}
{"payload":{"local_timestamp":1767769448827,"message_id":56,"output":"    ","stderr":true},"type":"standard_output"}
{"payload":{"local_timestamp":1767769448827,"message_id":57,"output":"self.update_raw()","stderr":true},"type":"standard_output"}
{"payload":{"local_timestamp":1767769448827,"message_id":58,"output":"\n","stderr":true},"type":"standard_output"}
{"payload":{"local_timestamp":1767769448827,"message_id":59,"output":"  File \"D:\\Anaconda3\\envs\\yolov52\\lib\\site-packages\\yaml\\reader.py\", line 178, in update_raw\n","stderr":true},"type":"standard_output"}
{"payload":{"local_timestamp":1767769448828,"message_id":60,"output":"    ","stderr":true},"type":"standard_output"}
{"payload":{"local_timestamp":1767769448828,"message_id":61,"output":"data = self.stream.read(size)","stderr":true},"type":"standard_output"}
{"payload":{"local_timestamp":1767769448829,"message_id":62,"output":"\n","stderr":true},"type":"standard_output"}
{"payload":{"local_timestamp":1767769448829,"message_id":63,"output":"UnicodeDecodeError","stderr":true},"type":"standard_output"}
{"payload":{"local_timestamp":1767769448829,"message_id":64,"output":": ","stderr":true},"type":"standard_output"}
{"payload":{"local_timestamp":1767769448829,"message_id":65,"output":"'gbk' codec can't decode byte 0x80 in position 201: illegal multibyte sequence","stderr":true},"type":"standard_output"}
{"payload":{"local_timestamp":1767769448829,"message_id":66,"output":"\n","stderr":true},"type":"standard_output"}
{"payload":{"local_timestamp":1767769448829,"message_id":67,"output":"\u001b[1;38;5;39mCOMET INFO:\u001b[0m The process of logging environment details (conda environment, git patch) is underway. Please be patient as this may take some time.\n","stderr":true},"type":"standard_output"}
{"payload":{"local_timestamp":1767769448871,"message_id":68,"output":"\u001b[1;38;5;39mCOMET INFO:\u001b[0m Couldn't find a Git repository in 'D:\\\\pythonProject\\\\\u81ea\u52a8\u56fe\u50cf\u76ee\u6807\u68c0\u6d4b\u4e0e\u6807\u6ce8\u7cfb\u7edf' nor in any parent directory. Set `COMET_GIT_DIRECTORY` if your Git Repository is elsewhere.\n","stderr":true},"type":"standard_output"}
{"payload":{"local_timestamp":1767769449909,"message_id":69,"metric":{"epoch":null,"metricName":"sys.cpu.percent.avg","metricValue":0.0,"step":null}},"type":"metric_msg"}
{"payload":{"local_timestamp":1767769449910,"message_id":70,"metric":{"epoch":null,"metricName":"sys.ram.total","metricValue":16890978304,"step":null}},"type":"metric_msg"}
{"payload":{"local_timestamp":1767769449910,"message_id":71,"metric":{"epoch":null,"metricName":"sys.ram.used","metricValue":14404898816,"step":null}},"type":"metric_msg"}
{"payload":{"local_timestamp":1767769449910,"message_id":72,"metric":{"epoch":null,"metricName":"sys.ram.available","metricValue":2486079488,"step":null}},"type":"metric_msg"}
{"payload":{"local_timestamp":1767769449910,"message_id":73,"metric":{"epoch":null,"metricName":"sys.ram.percent.used","metricValue":85.3,"step":null}},"type":"metric_msg"}
{"payload":{"local_timestamp":1767769449910,"message_id":74,"metric":{"epoch":null,"metricName":"sys.load.avg","metricValue":0.0,"step":null}},"type":"metric_msg"}
{"payload":{"additional_params":{"assetId":"e271605cba694fdcbc6c82df2da3eba2","context":null,"epoch":null,"extension":"yml","fileName":"conda-environment.yml","overwrite":false,"runId":null,"step":null,"type":"conda-environment-definition"},"clean":true,"file_path":"tmpsk6rslid","local_timestamp":1767769460327,"message_id":75,"metadata":{},"upload_type":"conda-environment-definition"},"type":"file_upload"}
{"payload":{"additional_params":{"assetId":"3f20f765ab91422b909a9eebaff7e8b2","context":null,"epoch":null,"extension":"txt","fileName":"conda-spec.txt","overwrite":false,"runId":null,"step":null,"type":"conda-specification"},"clean":true,"file_path":"tmpo8148qc3","local_timestamp":1767769464634,"message_id":76,"metadata":{},"upload_type":"conda-specification"},"type":"file_upload"}
{"payload":{"additional_params":{"assetId":"245131fcce634b408df5e55360ac249a","context":null,"epoch":null,"extension":"yml","fileName":"conda-info.yml","overwrite":false,"runId":null,"step":null,"type":"conda-info"},"clean":true,"file_path":"tmpfa4qgu1i","local_timestamp":1767769467723,"message_id":77,"metadata":{},"upload_type":"conda-info"},"type":"file_upload"}
{"payload":{"local_timestamp":1767769467725,"message_id":78,"output":"\u001b[1;38;5;39mCOMET INFO:\u001b[0m ---------------------------------------------------------------------------------------\n","stderr":true},"type":"standard_output"}
{"payload":{"local_timestamp":1767769467725,"message_id":79,"output":"\u001b[1;38;5;39mCOMET INFO:\u001b[0m Comet.ml OfflineExperiment Summary\n","stderr":true},"type":"standard_output"}
{"payload":{"local_timestamp":1767769467726,"message_id":80,"output":"\u001b[1;38;5;39mCOMET INFO:\u001b[0m ---------------------------------------------------------------------------------------\n","stderr":true},"type":"standard_output"}
{"payload":{"local_timestamp":1767769467726,"message_id":81,"output":"\u001b[1;38;5;39mCOMET INFO:\u001b[0m   Data:\n","stderr":true},"type":"standard_output"}
{"payload":{"local_timestamp":1767769467727,"message_id":82,"output":"\u001b[1;38;5;39mCOMET INFO:\u001b[0m     display_summary_level : 1\n","stderr":true},"type":"standard_output"}
{"payload":{"local_timestamp":1767769467727,"message_id":83,"output":"\u001b[1;38;5;39mCOMET INFO:\u001b[0m     name                  : exp\n","stderr":true},"type":"standard_output"}
{"payload":{"local_timestamp":1767769467728,"message_id":84,"output":"\u001b[1;38;5;39mCOMET INFO:\u001b[0m     url                   : [OfflineExperiment will get URL after upload]\n","stderr":true},"type":"standard_output"}
{"payload":{"local_timestamp":1767769467728,"message_id":85,"output":"\u001b[1;38;5;39mCOMET INFO:\u001b[0m   Others:\n","stderr":true},"type":"standard_output"}
{"payload":{"local_timestamp":1767769467729,"message_id":86,"output":"\u001b[1;38;5;39mCOMET INFO:\u001b[0m     Name               : exp\n","stderr":true},"type":"standard_output"}
{"payload":{"local_timestamp":1767769467729,"message_id":87,"output":"\u001b[1;38;5;39mCOMET INFO:\u001b[0m     offline_experiment : True\n","stderr":true},"type":"standard_output"}
{"payload":{"local_timestamp":1767769467729,"message_id":88,"output":"\u001b[1;38;5;39mCOMET INFO:\u001b[0m   Uploads:\n","stderr":true},"type":"standard_output"}
{"payload":{"local_timestamp":1767769467729,"message_id":89,"output":"\u001b[1;38;5;39mCOMET INFO:\u001b[0m     conda-environment-definition : 1\n","stderr":true},"type":"standard_output"}
{"payload":{"local_timestamp":1767769467729,"message_id":90,"output":"\u001b[1;38;5;39mCOMET INFO:\u001b[0m     conda-info                   : 1\n","stderr":true},"type":"standard_output"}
{"payload":{"local_timestamp":1767769467731,"message_id":91,"output":"\u001b[1;38;5;39mCOMET INFO:\u001b[0m     conda-specification          : 1\n","stderr":true},"type":"standard_output"}
{"payload":{"local_timestamp":1767769467731,"message_id":92,"output":"\u001b[1;38;5;39mCOMET INFO:\u001b[0m     environment details          : 1\n","stderr":true},"type":"standard_output"}
{"payload":{"local_timestamp":1767769467731,"message_id":93,"output":"\u001b[1;38;5;39mCOMET INFO:\u001b[0m     installed packages           : 1\n","stderr":true},"type":"standard_output"}
{"payload":{"local_timestamp":1767769467731,"message_id":94,"output":"\u001b[1;38;5;39mCOMET INFO:\u001b[0m \n","stderr":true},"type":"standard_output"}
{"payload":{"local_timestamp":1767769467732,"message_id":95,"metric":{"epoch":null,"metricName":"process duration","metricValue":20,"step":null}},"type":"metric_msg"}
