{"offline_id": "23441db5d75c4547a0dbd190a63d9637", "project_name": "yolov5", "start_time": 1767841611560, "stop_time": 1767841640933, "tags": [], "workspace": null, "resume_strategy": "create", "customer_error_reported": true, "customer_error_message": "Unexpected error detected in the user script: Exception('\\x1b[34m\\x1b[1mtrain: \\x1b[0mError loading data from D:\\\\pythonProject\\\\\u9477\u9354\u3125\u6d58\u934d\u5fd5\u6d30\u93cd\u56e8\u5a34\u5b29\u7b0c\u93cd\u56e8\u655e\u7eef\u8364\u7cba\\\\dataset\\\\coco\\\\images\\\\train2017: \\x1b[34m\\x1b[1mtrain: \\x1b[0mNo images found\\nSee https://docs.ultralytics.com/yolov5/tutorials/train_custom_data')", "user_provided_experiment_key": false, "comet_start_sourced": false}